<?xml version="1.0" encoding="UTF-8"?>
<project-private xmlns="http://www.netbeans.org/ns/project-private/1">
    <editor-bookmarks xmlns="http://www.netbeans.org/ns/editor-bookmarks/2" lastBookmarkId="0"/>
    <open-files xmlns="http://www.netbeans.org/ns/projectui-open-files/2">
        <group>
            <file>file:/home/assma/Bureau/Projet%20JavaFX/progettoJava/src/connessione_al_database/MyDB.java</file>
            <file>file:/home/assma/Bureau/Projet%20JavaFX/progettoJava/src/entites/Data.java</file>
            <file>file:/home/assma/Bureau/Projet%20JavaFX/progettoJava/src/Main/Main.java</file>
            <file>file:/home/assma/Bureau/Projet%20JavaFX/progettoJava/src/views/LoginController.java</file>
            <file>file:/home/assma/Bureau/Projet%20JavaFX/progettoJava/src/views/voirstatistiqueUser.fxml</file>
            <file>file:/home/assma/Bureau/Projet%20JavaFX/progettoJava/src/views/MainPageController.java</file>
            <file>file:/home/assma/Bureau/Projet%20JavaFX/progettoJava/src/views/ModifierProfilController.java</file>
            <file>file:/home/assma/Bureau/Projet%20JavaFX/progettoJava/src/views/AjouterAppelController.java</file>
            <file>file:/home/assma/Bureau/Projet%20JavaFX/progettoJava/src/views/MainPage.fxml</file>
        </group>
    </open-files>
</project-private>
