<?xml version="1.0" encoding="UTF-8"?>
<project-private xmlns="http://www.netbeans.org/ns/project-private/1">
    <editor-bookmarks xmlns="http://www.netbeans.org/ns/editor-bookmarks/2" lastBookmarkId="0"/>
    <open-files xmlns="http://www.netbeans.org/ns/projectui-open-files/2">
        <group>
            <file>file:/home/assma/Bureau/Projet%20JavaFX/progettoJava/test/entità/StudenteIT.java</file>
            <file>file:/home/assma/Bureau/Projet%20JavaFX/progettoJava/src/views/LoginMemberController.java</file>
            <file>file:/home/assma/Bureau/Projet%20JavaFX/progettoJava/src/connessione_al_database/MyDB.java</file>
            <file>file:/home/assma/Bureau/Projet%20JavaFX/progettoJava/src/views/VotoEsameController.java</file>
            <file>file:/home/assma/Bureau/Projet%20JavaFX/progettoJava/test/entità/PrenotazioneIT.java</file>
            <file>file:/home/assma/Bureau/Projet%20JavaFX/progettoJava/src/views/MainPageController.java</file>
            <file>file:/home/assma/Bureau/Projet%20JavaFX/progettoJava/src/views/ModificareAnagraficaController.java</file>
            <file>file:/home/assma/Bureau/Projet%20JavaFX/progettoJava/test/entità/AppelloIT.java</file>
            <file>file:/home/assma/Bureau/Projet%20JavaFX/progettoJava/src/views/InserireVotoController.java</file>
            <file>file:/home/assma/Bureau/Projet%20JavaFX/progettoJava/src/views/SpazioStudenteController.java</file>
            <file>file:/home/assma/Bureau/Projet%20JavaFX/progettoJava/test/entità/CorsoDiStudioIT.java</file>
            <file>file:/home/assma/Bureau/Projet%20JavaFX/progettoJava/test/entità/SistemaIT.java</file>
            <file>file:/home/assma/Bureau/Projet%20JavaFX/progettoJava/src/servizio/ButtonCelPrenotazione.java</file>
            <file>file:/home/assma/Bureau/Projet%20JavaFX/progettoJava/src/views/PianoDiStudioController.java</file>
            <file>file:/home/assma/Bureau/Projet%20JavaFX/progettoJava/src/views/ConsultareStatisticheVisitorController.java</file>
            <file>file:/home/assma/Bureau/Projet%20JavaFX/progettoJava/src/views/SpazioProfController.java</file>
            <file>file:/home/assma/Bureau/Projet%20JavaFX/progettoJava/test/entità/JUnitTestSuite.java</file>
            <file>file:/home/assma/Bureau/Projet%20JavaFX/progettoJava/src/servizio/ButtonCellPianoSt.java</file>
            <file>file:/home/assma/Bureau/Projet%20JavaFX/progettoJava/src/views/AggiungereAppelloController.java</file>
            <file>file:/home/assma/Bureau/Projet%20JavaFX/progettoJava/src/views/ConsultareCorsiController.java</file>
            <file>file:/home/assma/Bureau/Projet%20JavaFX/progettoJava/test/entità/UtenteIT.java</file>
            <file>file:/home/assma/Bureau/Projet%20JavaFX/progettoJava/test/entità/PianoDiStudioIT.java</file>
            <file>file:/home/assma/Bureau/Projet%20JavaFX/progettoJava/src/iservizio/IService.java</file>
            <file>file:/home/assma/Bureau/Projet%20JavaFX/progettoJava/src/entità/Appello.java</file>
            <file>file:/home/assma/Bureau/Projet%20JavaFX/progettoJava/src/servizio/ButtonCellRifiutare.java</file>
            <file>file:/home/assma/Bureau/Projet%20JavaFX/progettoJava/src/servizio/Service.java</file>
            <file>file:/home/assma/Bureau/Projet%20JavaFX/progettoJava/src/views/PrenotareEsameController.java</file>
            <file>file:/home/assma/Bureau/Projet%20JavaFX/progettoJava/test/entità/InsegnamentoIT.java</file>
            <file>file:/home/assma/Bureau/Projet%20JavaFX/progettoJava/test/entità/DocenteIT.java</file>
        </group>
    </open-files>
</project-private>
